runc,2.0837972164154053
runc,2.0427255630493164
runc,2.0315487384796143
runc,2.068934679031372
runc,2.0416505336761475
runc,2.0425405502319336
runc,2.038612127304077
runc,2.064357280731201
runc,2.076254367828369
runc,2.0483791828155518
runsc,2.0561463832855225
runsc,2.0647547245025635
runsc,2.046314239501953
runsc,2.0404629707336426
runsc,2.038800001144409
runsc,2.062039613723755
runsc,2.0605039596557617
runsc,2.050407648086548
runsc,2.0391290187835693
runsc,2.0528836250305176
